00001 a=org.apache.commons.fileupload2.DefaultFileItem.getStoreLocation()Ljava/io/File; b=org.apache.commons.fileupload2.FileItem.delete()V
00002 a=org.apache.commons.fileupload2.DefaultFileItem.getStoreLocation()Ljava/io/File; b=org.apache.commons.fileupload2.disk.DiskFileItem.getStoreLocation()Ljava/io/File;
00003 a=org.apache.commons.fileupload2.DefaultFileItemFactory.getSizeThreshold()I b=org.apache.commons.fileupload2.DefaultFileItemFactory.getRepository()Ljava/io/File;
00004 a=org.apache.commons.fileupload2.DefaultFileItemFactory.setSizeThreshold(I)V b=org.apache.commons.fileupload2.DefaultFileItemFactory.getRepository()Ljava/io/File;
00005 a=org.apache.commons.fileupload2.DefaultFileItemFactory.setSizeThreshold(I)V b=org.apache.commons.fileupload2.DefaultFileItemFactory.getSizeThreshold()I
00006 a=org.apache.commons.fileupload2.DefaultFileItemFactory.setSizeThreshold(I)V b=org.apache.commons.fileupload2.FileItemFactory.createItem(Ljava/lang/String;Ljava/lang/String;ZLjava/lang/String;)Lorg/apache/commons/fileupload2/FileItem;
00007 a=org.apache.commons.fileupload2.DiskFileUpload.parseRequest(Ljavax/servlet/http/HttpServletRequest;)Ljava/util/List; b=org.apache.commons.fileupload2.FileUploadBase.getBoundary(Ljava/lang/String;)[B
00008 a=org.apache.commons.fileupload2.DiskFileUpload.parseRequest(Ljavax/servlet/http/HttpServletRequest;)Ljava/util/List; b=org.apache.commons.fileupload2.FileUploadBase.getFieldName(Ljava/lang/String;)Ljava/lang/String;
00009 a=org.apache.commons.fileupload2.DiskFileUpload.parseRequest(Ljavax/servlet/http/HttpServletRequest;)Ljava/util/List; b=org.apache.commons.fileupload2.FileUploadBase.getFieldName(Lorg/apache/commons/fileupload2/FileItemHeaders;)Ljava/lang/String;
00010 a=org.apache.commons.fileupload2.DiskFileUpload.parseRequest(Ljavax/servlet/http/HttpServletRequest;)Ljava/util/List; b=org.apache.commons.fileupload2.FileUploadBase.getFileItemFactory()Lorg/apache/commons/fileupload2/FileItemFactory;
00011 a=org.apache.commons.fileupload2.DiskFileUpload.parseRequest(Ljavax/servlet/http/HttpServletRequest;)Ljava/util/List; b=org.apache.commons.fileupload2.FileUploadBase.getFileName(Ljava/lang/String;)Ljava/lang/String;
00012 a=org.apache.commons.fileupload2.DiskFileUpload.parseRequest(Ljavax/servlet/http/HttpServletRequest;)Ljava/util/List; b=org.apache.commons.fileupload2.FileUploadBase.getFileName(Lorg/apache/commons/fileupload2/FileItemHeaders;)Ljava/lang/String;
00013 a=org.apache.commons.fileupload2.DiskFileUpload.parseRequest(Ljavax/servlet/http/HttpServletRequest;)Ljava/util/List; b=org.apache.commons.fileupload2.FileUploadBase.getItemIterator(Lorg/apache/commons/fileupload2/RequestContext;)Lorg/apache/commons/fileupload2/FileItemIterator;
00014 a=org.apache.commons.fileupload2.DiskFileUpload.parseRequest(Ljavax/servlet/http/HttpServletRequest;)Ljava/util/List; b=org.apache.commons.fileupload2.FileUploadBase.getParsedHeaders(Ljava/lang/String;)Lorg/apache/commons/fileupload2/FileItemHeaders;
00015 a=org.apache.commons.fileupload2.DiskFileUpload.parseRequest(Ljavax/servlet/http/HttpServletRequest;)Ljava/util/List; b=org.apache.commons.fileupload2.FileUploadBase.newFileItemHeaders()Lorg/apache/commons/fileupload2/util/FileItemHeadersImpl;
00016 a=org.apache.commons.fileupload2.DiskFileUpload.parseRequest(Ljavax/servlet/http/HttpServletRequest;)Ljava/util/List; b=org.apache.commons.fileupload2.FileUploadBase.parseRequest(Lorg/apache/commons/fileupload2/RequestContext;)Ljava/util/List;
00017 a=org.apache.commons.fileupload2.DiskFileUpload.setSizeThreshold(I)V b=org.apache.commons.fileupload2.DiskFileUpload.parseRequest(Ljavax/servlet/http/HttpServletRequest;)Ljava/util/List;
00018 a=org.apache.commons.fileupload2.DiskFileUpload.setSizeThreshold(I)V b=org.apache.commons.fileupload2.FileUploadBase.getBoundary(Ljava/lang/String;)[B
00019 a=org.apache.commons.fileupload2.DiskFileUpload.setSizeThreshold(I)V b=org.apache.commons.fileupload2.FileUploadBase.getFieldName(Ljava/lang/String;)Ljava/lang/String;
00020 a=org.apache.commons.fileupload2.DiskFileUpload.setSizeThreshold(I)V b=org.apache.commons.fileupload2.FileUploadBase.getFieldName(Lorg/apache/commons/fileupload2/FileItemHeaders;)Ljava/lang/String;
00021 a=org.apache.commons.fileupload2.DiskFileUpload.setSizeThreshold(I)V b=org.apache.commons.fileupload2.FileUploadBase.getFileItemFactory()Lorg/apache/commons/fileupload2/FileItemFactory;
00022 a=org.apache.commons.fileupload2.DiskFileUpload.setSizeThreshold(I)V b=org.apache.commons.fileupload2.FileUploadBase.getFileName(Ljava/lang/String;)Ljava/lang/String;
00023 a=org.apache.commons.fileupload2.DiskFileUpload.setSizeThreshold(I)V b=org.apache.commons.fileupload2.FileUploadBase.getFileName(Lorg/apache/commons/fileupload2/FileItemHeaders;)Ljava/lang/String;
00024 a=org.apache.commons.fileupload2.DiskFileUpload.setSizeThreshold(I)V b=org.apache.commons.fileupload2.FileUploadBase.getItemIterator(Lorg/apache/commons/fileupload2/RequestContext;)Lorg/apache/commons/fileupload2/FileItemIterator;
00025 a=org.apache.commons.fileupload2.DiskFileUpload.setSizeThreshold(I)V b=org.apache.commons.fileupload2.FileUploadBase.getParsedHeaders(Ljava/lang/String;)Lorg/apache/commons/fileupload2/FileItemHeaders;
00026 a=org.apache.commons.fileupload2.DiskFileUpload.setSizeThreshold(I)V b=org.apache.commons.fileupload2.FileUploadBase.newFileItemHeaders()Lorg/apache/commons/fileupload2/util/FileItemHeadersImpl;
00027 a=org.apache.commons.fileupload2.DiskFileUpload.setSizeThreshold(I)V b=org.apache.commons.fileupload2.FileUploadBase.parseRequest(Lorg/apache/commons/fileupload2/RequestContext;)Ljava/util/List;
00028 a=org.apache.commons.fileupload2.FileItem.delete()V b=org.apache.commons.fileupload2.disk.DiskFileItem.getStoreLocation()Ljava/io/File;
00029 a=org.apache.commons.fileupload2.FileItem.get()[B b=org.apache.commons.fileupload2.DefaultFileItem.getStoreLocation()Ljava/io/File;
00030 a=org.apache.commons.fileupload2.FileItem.get()[B b=org.apache.commons.fileupload2.FileItem.delete()V
00031 a=org.apache.commons.fileupload2.FileItem.get()[B b=org.apache.commons.fileupload2.FileItem.getString()Ljava/lang/String;
00032 a=org.apache.commons.fileupload2.FileItem.get()[B b=org.apache.commons.fileupload2.disk.DiskFileItem.get()[B
00033 a=org.apache.commons.fileupload2.FileItem.get()[B b=org.apache.commons.fileupload2.disk.DiskFileItem.getCharSet()Ljava/lang/String;
00034 a=org.apache.commons.fileupload2.FileItem.get()[B b=org.apache.commons.fileupload2.disk.DiskFileItem.getContentType()Ljava/lang/String;
00035 a=org.apache.commons.fileupload2.FileItem.get()[B b=org.apache.commons.fileupload2.disk.DiskFileItem.getSize()J
00036 a=org.apache.commons.fileupload2.FileItem.get()[B b=org.apache.commons.fileupload2.disk.DiskFileItem.getStoreLocation()Ljava/io/File;
00037 a=org.apache.commons.fileupload2.FileItem.get()[B b=org.apache.commons.fileupload2.disk.DiskFileItem.isInMemory()Z
00038 a=org.apache.commons.fileupload2.FileItem.getContentType()Ljava/lang/String; b=org.apache.commons.fileupload2.FileItem.getName()Ljava/lang/String;
00039 a=org.apache.commons.fileupload2.FileItem.getContentType()Ljava/lang/String; b=org.apache.commons.fileupload2.FileItem.isFormField()Z
00040 a=org.apache.commons.fileupload2.FileItem.getFieldName()Ljava/lang/String; b=org.apache.commons.fileupload2.FileItem.get()[B
00041 a=org.apache.commons.fileupload2.FileItem.getFieldName()Ljava/lang/String; b=org.apache.commons.fileupload2.FileItem.getContentType()Ljava/lang/String;
00042 a=org.apache.commons.fileupload2.FileItem.getFieldName()Ljava/lang/String; b=org.apache.commons.fileupload2.FileItem.getName()Ljava/lang/String;
00043 a=org.apache.commons.fileupload2.FileItem.getFieldName()Ljava/lang/String; b=org.apache.commons.fileupload2.FileItem.isFormField()Z
00044 a=org.apache.commons.fileupload2.FileItem.getFieldName()Ljava/lang/String; b=org.apache.commons.fileupload2.disk.DiskFileItem.isInMemory()Z
00045 a=org.apache.commons.fileupload2.FileItem.getOutputStream()Ljava/io/OutputStream; b=org.apache.commons.fileupload2.DefaultFileItem.getStoreLocation()Ljava/io/File;
00046 a=org.apache.commons.fileupload2.FileItem.getOutputStream()Ljava/io/OutputStream; b=org.apache.commons.fileupload2.FileItem.delete()V
00047 a=org.apache.commons.fileupload2.FileItem.getOutputStream()Ljava/io/OutputStream; b=org.apache.commons.fileupload2.FileItem.get()[B
00048 a=org.apache.commons.fileupload2.FileItem.getOutputStream()Ljava/io/OutputStream; b=org.apache.commons.fileupload2.FileItem.getFieldName()Ljava/lang/String;
00049 a=org.apache.commons.fileupload2.FileItem.getOutputStream()Ljava/io/OutputStream; b=org.apache.commons.fileupload2.FileItem.getSize()J
00050 a=org.apache.commons.fileupload2.FileItem.getOutputStream()Ljava/io/OutputStream; b=org.apache.commons.fileupload2.FileItem.getString()Ljava/lang/String;
00051 a=org.apache.commons.fileupload2.FileItem.getOutputStream()Ljava/io/OutputStream; b=org.apache.commons.fileupload2.FileItem.isInMemory()Z
00052 a=org.apache.commons.fileupload2.FileItem.getOutputStream()Ljava/io/OutputStream; b=org.apache.commons.fileupload2.FileItem.setHeaders(Lorg/apache/commons/fileupload2/FileItemHeaders;)V
00053 a=org.apache.commons.fileupload2.FileItem.getOutputStream()Ljava/io/OutputStream; b=org.apache.commons.fileupload2.disk.DiskFileItem.get()[B
00054 a=org.apache.commons.fileupload2.FileItem.getOutputStream()Ljava/io/OutputStream; b=org.apache.commons.fileupload2.disk.DiskFileItem.getCharSet()Ljava/lang/String;
00055 a=org.apache.commons.fileupload2.FileItem.getOutputStream()Ljava/io/OutputStream; b=org.apache.commons.fileupload2.disk.DiskFileItem.getContentType()Ljava/lang/String;
00056 a=org.apache.commons.fileupload2.FileItem.getOutputStream()Ljava/io/OutputStream; b=org.apache.commons.fileupload2.disk.DiskFileItem.getSize()J
00057 a=org.apache.commons.fileupload2.FileItem.getOutputStream()Ljava/io/OutputStream; b=org.apache.commons.fileupload2.disk.DiskFileItem.getStoreLocation()Ljava/io/File;
00058 a=org.apache.commons.fileupload2.FileItem.getOutputStream()Ljava/io/OutputStream; b=org.apache.commons.fileupload2.disk.DiskFileItem.getTempFile()Ljava/io/File;
00059 a=org.apache.commons.fileupload2.FileItem.getOutputStream()Ljava/io/OutputStream; b=org.apache.commons.fileupload2.disk.DiskFileItem.isInMemory()Z
00060 a=org.apache.commons.fileupload2.FileItem.getOutputStream()Ljava/io/OutputStream; b=org.apache.commons.fileupload2.disk.DiskFileItem.write(Ljava/io/File;)V
00061 a=org.apache.commons.fileupload2.FileItem.getSize()J b=org.apache.commons.fileupload2.DefaultFileItem.getStoreLocation()Ljava/io/File;
00062 a=org.apache.commons.fileupload2.FileItem.getSize()J b=org.apache.commons.fileupload2.FileItem.delete()V
00063 a=org.apache.commons.fileupload2.FileItem.getSize()J b=org.apache.commons.fileupload2.FileItem.get()[B
00064 a=org.apache.commons.fileupload2.FileItem.getSize()J b=org.apache.commons.fileupload2.FileItem.getString()Ljava/lang/String;
00065 a=org.apache.commons.fileupload2.FileItem.getSize()J b=org.apache.commons.fileupload2.disk.DiskFileItem.get()[B
00066 a=org.apache.commons.fileupload2.FileItem.getSize()J b=org.apache.commons.fileupload2.disk.DiskFileItem.getCharSet()Ljava/lang/String;
00067 a=org.apache.commons.fileupload2.FileItem.getSize()J b=org.apache.commons.fileupload2.disk.DiskFileItem.getContentType()Ljava/lang/String;
00068 a=org.apache.commons.fileupload2.FileItem.getSize()J b=org.apache.commons.fileupload2.disk.DiskFileItem.getSize()J
00069 a=org.apache.commons.fileupload2.FileItem.getSize()J b=org.apache.commons.fileupload2.disk.DiskFileItem.getStoreLocation()Ljava/io/File;
00070 a=org.apache.commons.fileupload2.FileItem.getString()Ljava/lang/String; b=org.apache.commons.fileupload2.DefaultFileItem.getStoreLocation()Ljava/io/File;
00071 a=org.apache.commons.fileupload2.FileItem.getString()Ljava/lang/String; b=org.apache.commons.fileupload2.FileItem.delete()V
00072 a=org.apache.commons.fileupload2.FileItem.getString()Ljava/lang/String; b=org.apache.commons.fileupload2.disk.DiskFileItem.get()[B
00073 a=org.apache.commons.fileupload2.FileItem.getString()Ljava/lang/String; b=org.apache.commons.fileupload2.disk.DiskFileItem.getCharSet()Ljava/lang/String;
00074 a=org.apache.commons.fileupload2.FileItem.getString()Ljava/lang/String; b=org.apache.commons.fileupload2.disk.DiskFileItem.getContentType()Ljava/lang/String;
00075 a=org.apache.commons.fileupload2.FileItem.getString()Ljava/lang/String; b=org.apache.commons.fileupload2.disk.DiskFileItem.getStoreLocation()Ljava/io/File;
00076 a=org.apache.commons.fileupload2.FileItem.isFormField()Z b=org.apache.commons.fileupload2.FileItem.getName()Ljava/lang/String;
00077 a=org.apache.commons.fileupload2.FileItem.isInMemory()Z b=org.apache.commons.fileupload2.DefaultFileItem.getStoreLocation()Ljava/io/File;
00078 a=org.apache.commons.fileupload2.FileItem.isInMemory()Z b=org.apache.commons.fileupload2.FileItem.delete()V
00079 a=org.apache.commons.fileupload2.FileItem.isInMemory()Z b=org.apache.commons.fileupload2.FileItem.get()[B
00080 a=org.apache.commons.fileupload2.FileItem.isInMemory()Z b=org.apache.commons.fileupload2.FileItem.getSize()J
00081 a=org.apache.commons.fileupload2.FileItem.isInMemory()Z b=org.apache.commons.fileupload2.FileItem.getString()Ljava/lang/String;
00082 a=org.apache.commons.fileupload2.FileItem.isInMemory()Z b=org.apache.commons.fileupload2.disk.DiskFileItem.get()[B
00083 a=org.apache.commons.fileupload2.FileItem.isInMemory()Z b=org.apache.commons.fileupload2.disk.DiskFileItem.getCharSet()Ljava/lang/String;
00084 a=org.apache.commons.fileupload2.FileItem.isInMemory()Z b=org.apache.commons.fileupload2.disk.DiskFileItem.getContentType()Ljava/lang/String;
00085 a=org.apache.commons.fileupload2.FileItem.isInMemory()Z b=org.apache.commons.fileupload2.disk.DiskFileItem.getSize()J
00086 a=org.apache.commons.fileupload2.FileItem.isInMemory()Z b=org.apache.commons.fileupload2.disk.DiskFileItem.getStoreLocation()Ljava/io/File;
00087 a=org.apache.commons.fileupload2.FileItem.setHeaders(Lorg/apache/commons/fileupload2/FileItemHeaders;)V b=org.apache.commons.fileupload2.FileItem.get()[B
00088 a=org.apache.commons.fileupload2.FileItem.setHeaders(Lorg/apache/commons/fileupload2/FileItemHeaders;)V b=org.apache.commons.fileupload2.FileItem.getFieldName()Ljava/lang/String;
00089 a=org.apache.commons.fileupload2.FileItem.setHeaders(Lorg/apache/commons/fileupload2/FileItemHeaders;)V b=org.apache.commons.fileupload2.disk.DiskFileItem.getStoreLocation()Ljava/io/File;
00090 a=org.apache.commons.fileupload2.FileItem.setHeaders(Lorg/apache/commons/fileupload2/FileItemHeaders;)V b=org.apache.commons.fileupload2.disk.DiskFileItem.isInMemory()Z
00091 a=org.apache.commons.fileupload2.FileItem.setHeaders(Lorg/apache/commons/fileupload2/FileItemHeaders;)V b=org.apache.commons.fileupload2.disk.DiskFileItem.write(Ljava/io/File;)V
00092 a=org.apache.commons.fileupload2.FileItemFactory.createItem(Ljava/lang/String;Ljava/lang/String;ZLjava/lang/String;)Lorg/apache/commons/fileupload2/FileItem; b=org.apache.commons.fileupload2.DefaultFileItemFactory.getRepository()Ljava/io/File;
00093 a=org.apache.commons.fileupload2.FileItemFactory.createItem(Ljava/lang/String;Ljava/lang/String;ZLjava/lang/String;)Lorg/apache/commons/fileupload2/FileItem; b=org.apache.commons.fileupload2.DefaultFileItemFactory.getSizeThreshold()I
00094 a=org.apache.commons.fileupload2.FileItemFactory.createItem(Ljava/lang/String;Ljava/lang/String;ZLjava/lang/String;)Lorg/apache/commons/fileupload2/FileItem; b=org.apache.commons.fileupload2.disk.DiskFileItemFactory.getFileCleaningTracker()Lorg/apache/commons/io/FileCleaningTracker;
00095 a=org.apache.commons.fileupload2.FileItemStream.getContentType()Ljava/lang/String; b=org.apache.commons.fileupload2.FileItemStream.getHeaders()Lorg/apache/commons/fileupload2/FileItemHeaders;
00096 a=org.apache.commons.fileupload2.FileItemStream.getContentType()Ljava/lang/String; b=org.apache.commons.fileupload2.FileItemStream.isFormField()Z
00097 a=org.apache.commons.fileupload2.FileItemStream.getContentType()Ljava/lang/String; b=org.apache.commons.fileupload2.FileItemStream.openStream()Ljava/io/InputStream;
00098 a=org.apache.commons.fileupload2.FileItemStream.getContentType()Ljava/lang/String; b=org.apache.commons.fileupload2.FileUploadBase$FileItemIteratorImpl$FileItemStreamImpl.close()V
00099 a=org.apache.commons.fileupload2.FileItemStream.getFieldName()Ljava/lang/String; b=org.apache.commons.fileupload2.FileItemStream.getContentType()Ljava/lang/String;
00100 a=org.apache.commons.fileupload2.FileItemStream.getFieldName()Ljava/lang/String; b=org.apache.commons.fileupload2.FileItemStream.getHeaders()Lorg/apache/commons/fileupload2/FileItemHeaders;
00101 a=org.apache.commons.fileupload2.FileItemStream.getFieldName()Ljava/lang/String; b=org.apache.commons.fileupload2.FileItemStream.getName()Ljava/lang/String;
00102 a=org.apache.commons.fileupload2.FileItemStream.getFieldName()Ljava/lang/String; b=org.apache.commons.fileupload2.FileItemStream.isFormField()Z
00103 a=org.apache.commons.fileupload2.FileItemStream.getFieldName()Ljava/lang/String; b=org.apache.commons.fileupload2.FileItemStream.openStream()Ljava/io/InputStream;
00104 a=org.apache.commons.fileupload2.FileItemStream.getFieldName()Ljava/lang/String; b=org.apache.commons.fileupload2.FileUploadBase$FileItemIteratorImpl$FileItemStreamImpl.close()V
00105 a=org.apache.commons.fileupload2.FileItemStream.getHeaders()Lorg/apache/commons/fileupload2/FileItemHeaders; b=org.apache.commons.fileupload2.FileUploadBase$FileItemIteratorImpl$FileItemStreamImpl.close()V
00106 a=org.apache.commons.fileupload2.FileItemStream.getName()Ljava/lang/String; b=org.apache.commons.fileupload2.FileUploadBase$FileItemIteratorImpl$FileItemStreamImpl.close()V
00107 a=org.apache.commons.fileupload2.FileItemStream.isFormField()Z b=org.apache.commons.fileupload2.FileItemStream.getFieldName()Ljava/lang/String;
00108 a=org.apache.commons.fileupload2.FileItemStream.isFormField()Z b=org.apache.commons.fileupload2.FileItemStream.getHeaders()Lorg/apache/commons/fileupload2/FileItemHeaders;
00109 a=org.apache.commons.fileupload2.FileItemStream.isFormField()Z b=org.apache.commons.fileupload2.FileItemStream.getName()Ljava/lang/String;
00110 a=org.apache.commons.fileupload2.FileItemStream.isFormField()Z b=org.apache.commons.fileupload2.FileItemStream.openStream()Ljava/io/InputStream;
00111 a=org.apache.commons.fileupload2.FileItemStream.isFormField()Z b=org.apache.commons.fileupload2.FileUploadBase$FileItemIteratorImpl$FileItemStreamImpl.close()V
00112 a=org.apache.commons.fileupload2.FileItemStream.openStream()Ljava/io/InputStream; b=org.apache.commons.fileupload2.FileItemStream.getHeaders()Lorg/apache/commons/fileupload2/FileItemHeaders;
00113 a=org.apache.commons.fileupload2.FileItemStream.openStream()Ljava/io/InputStream; b=org.apache.commons.fileupload2.FileUploadBase$FileItemIteratorImpl$FileItemStreamImpl.close()V
00114 a=org.apache.commons.fileupload2.FileUpload.getItemIterator(Lorg/apache/commons/fileupload2/RequestContext;)Lorg/apache/commons/fileupload2/FileItemIterator; b=org.apache.commons.fileupload2.FileUploadBase.getBoundary(Ljava/lang/String;)[B
00115 a=org.apache.commons.fileupload2.FileUpload.parseRequest(Lorg/apache/commons/fileupload2/RequestContext;)Ljava/util/List; b=org.apache.commons.fileupload2.FileUploadBase.getBoundary(Ljava/lang/String;)[B
00116 a=org.apache.commons.fileupload2.FileUpload.parseRequest(Lorg/apache/commons/fileupload2/RequestContext;)Ljava/util/List; b=org.apache.commons.fileupload2.FileUploadBase.getFileItemFactory()Lorg/apache/commons/fileupload2/FileItemFactory;
00117 a=org.apache.commons.fileupload2.FileUpload.parseRequest(Lorg/apache/commons/fileupload2/RequestContext;)Ljava/util/List; b=org.apache.commons.fileupload2.FileUploadBase.getItemIterator(Lorg/apache/commons/fileupload2/RequestContext;)Lorg/apache/commons/fileupload2/FileItemIterator;
00118 a=org.apache.commons.fileupload2.FileUploadBase$FileItemIteratorImpl$FileItemStreamImpl.setHeaders(Lorg/apache/commons/fileupload2/FileItemHeaders;)V b=org.apache.commons.fileupload2.FileItemStream.getContentType()Ljava/lang/String;
00119 a=org.apache.commons.fileupload2.FileUploadBase$FileItemIteratorImpl$FileItemStreamImpl.setHeaders(Lorg/apache/commons/fileupload2/FileItemHeaders;)V b=org.apache.commons.fileupload2.FileItemStream.getFieldName()Ljava/lang/String;
00120 a=org.apache.commons.fileupload2.FileUploadBase$FileItemIteratorImpl$FileItemStreamImpl.setHeaders(Lorg/apache/commons/fileupload2/FileItemHeaders;)V b=org.apache.commons.fileupload2.FileItemStream.getHeaders()Lorg/apache/commons/fileupload2/FileItemHeaders;
00121 a=org.apache.commons.fileupload2.FileUploadBase$FileItemIteratorImpl$FileItemStreamImpl.setHeaders(Lorg/apache/commons/fileupload2/FileItemHeaders;)V b=org.apache.commons.fileupload2.FileItemStream.isFormField()Z
00122 a=org.apache.commons.fileupload2.FileUploadBase$FileItemIteratorImpl$FileItemStreamImpl.setHeaders(Lorg/apache/commons/fileupload2/FileItemHeaders;)V b=org.apache.commons.fileupload2.FileItemStream.openStream()Ljava/io/InputStream;
00123 a=org.apache.commons.fileupload2.FileUploadBase$FileItemIteratorImpl$FileItemStreamImpl.setHeaders(Lorg/apache/commons/fileupload2/FileItemHeaders;)V b=org.apache.commons.fileupload2.FileUploadBase$FileItemIteratorImpl$FileItemStreamImpl.close()V
00124 a=org.apache.commons.fileupload2.FileUploadBase$FileItemIteratorImpl.getContentLength(Lorg/apache/commons/fileupload2/FileItemHeaders;)J b=org.apache.commons.fileupload2.FileItemIterator.next()Lorg/apache/commons/fileupload2/FileItemStream;
00125 a=org.apache.commons.fileupload2.FileUploadBase$FileSizeLimitExceededException.getPermittedSize()J b=org.apache.commons.fileupload2.FileUploadBase$SizeException.getPermittedSize()J
00126 a=org.apache.commons.fileupload2.FileUploadBase$FileSizeLimitExceededException.setFieldName(Ljava/lang/String;)V b=org.apache.commons.fileupload2.FileUploadBase$FileSizeLimitExceededException.getPermittedSize()J
00127 a=org.apache.commons.fileupload2.FileUploadBase$FileSizeLimitExceededException.setFieldName(Ljava/lang/String;)V b=org.apache.commons.fileupload2.FileUploadBase$FileSizeLimitExceededException.setFileName(Ljava/lang/String;)V
00128 a=org.apache.commons.fileupload2.FileUploadBase$FileSizeLimitExceededException.setFieldName(Ljava/lang/String;)V b=org.apache.commons.fileupload2.FileUploadBase$SizeException.getPermittedSize()J
00129 a=org.apache.commons.fileupload2.FileUploadBase$FileSizeLimitExceededException.setFileName(Ljava/lang/String;)V b=org.apache.commons.fileupload2.FileUploadBase$FileSizeLimitExceededException.getPermittedSize()J
00130 a=org.apache.commons.fileupload2.FileUploadBase$FileSizeLimitExceededException.setFileName(Ljava/lang/String;)V b=org.apache.commons.fileupload2.FileUploadBase$SizeException.getPermittedSize()J
00131 a=org.apache.commons.fileupload2.FileUploadBase$SizeLimitExceededException.getPermittedSize()J b=org.apache.commons.fileupload2.FileUploadBase$SizeException.getPermittedSize()J
00132 a=org.apache.commons.fileupload2.FileUploadBase.getBoundary(Ljava/lang/String;)[B b=org.apache.commons.fileupload2.FileUploadBase.getFieldName(Ljava/lang/String;)Ljava/lang/String;
00133 a=org.apache.commons.fileupload2.FileUploadBase.getBoundary(Ljava/lang/String;)[B b=org.apache.commons.fileupload2.FileUploadBase.getFieldName(Lorg/apache/commons/fileupload2/FileItemHeaders;)Ljava/lang/String;
00134 a=org.apache.commons.fileupload2.FileUploadBase.getBoundary(Ljava/lang/String;)[B b=org.apache.commons.fileupload2.FileUploadBase.getFileItemFactory()Lorg/apache/commons/fileupload2/FileItemFactory;
00135 a=org.apache.commons.fileupload2.FileUploadBase.getBoundary(Ljava/lang/String;)[B b=org.apache.commons.fileupload2.FileUploadBase.getFileName(Ljava/lang/String;)Ljava/lang/String;
00136 a=org.apache.commons.fileupload2.FileUploadBase.getBoundary(Ljava/lang/String;)[B b=org.apache.commons.fileupload2.FileUploadBase.getFileName(Lorg/apache/commons/fileupload2/FileItemHeaders;)Ljava/lang/String;
00137 a=org.apache.commons.fileupload2.FileUploadBase.getBoundary(Ljava/lang/String;)[B b=org.apache.commons.fileupload2.FileUploadBase.getParsedHeaders(Ljava/lang/String;)Lorg/apache/commons/fileupload2/FileItemHeaders;
00138 a=org.apache.commons.fileupload2.FileUploadBase.getBoundary(Ljava/lang/String;)[B b=org.apache.commons.fileupload2.FileUploadBase.newFileItemHeaders()Lorg/apache/commons/fileupload2/util/FileItemHeadersImpl;
00139 a=org.apache.commons.fileupload2.FileUploadBase.getBoundary(Ljava/lang/String;)[B b=org.apache.commons.fileupload2.FileUploadBase.parseHeaderLine(Lorg/apache/commons/fileupload2/util/FileItemHeadersImpl;Ljava/lang/String;)V
00140 a=org.apache.commons.fileupload2.FileUploadBase.getFieldName(Ljava/lang/String;)Ljava/lang/String; b=org.apache.commons.fileupload2.FileUploadBase.getFileItemFactory()Lorg/apache/commons/fileupload2/FileItemFactory;
00141 a=org.apache.commons.fileupload2.FileUploadBase.getFieldName(Ljava/lang/String;)Ljava/lang/String; b=org.apache.commons.fileupload2.FileUploadBase.getFileName(Ljava/lang/String;)Ljava/lang/String;
00142 a=org.apache.commons.fileupload2.FileUploadBase.getFieldName(Ljava/lang/String;)Ljava/lang/String; b=org.apache.commons.fileupload2.FileUploadBase.getFileName(Lorg/apache/commons/fileupload2/FileItemHeaders;)Ljava/lang/String;
00143 a=org.apache.commons.fileupload2.FileUploadBase.getFieldName(Lorg/apache/commons/fileupload2/FileItemHeaders;)Ljava/lang/String; b=org.apache.commons.fileupload2.FileUploadBase.getFieldName(Ljava/lang/String;)Ljava/lang/String;
00144 a=org.apache.commons.fileupload2.FileUploadBase.getFieldName(Lorg/apache/commons/fileupload2/FileItemHeaders;)Ljava/lang/String; b=org.apache.commons.fileupload2.FileUploadBase.getFileItemFactory()Lorg/apache/commons/fileupload2/FileItemFactory;
00145 a=org.apache.commons.fileupload2.FileUploadBase.getFieldName(Lorg/apache/commons/fileupload2/FileItemHeaders;)Ljava/lang/String; b=org.apache.commons.fileupload2.FileUploadBase.getFileName(Ljava/lang/String;)Ljava/lang/String;
00146 a=org.apache.commons.fileupload2.FileUploadBase.getFieldName(Lorg/apache/commons/fileupload2/FileItemHeaders;)Ljava/lang/String; b=org.apache.commons.fileupload2.FileUploadBase.getFileName(Lorg/apache/commons/fileupload2/FileItemHeaders;)Ljava/lang/String;
00147 a=org.apache.commons.fileupload2.FileUploadBase.getFileName(Ljava/lang/String;)Ljava/lang/String; b=org.apache.commons.fileupload2.FileUploadBase.getFileItemFactory()Lorg/apache/commons/fileupload2/FileItemFactory;
00148 a=org.apache.commons.fileupload2.FileUploadBase.getFileName(Lorg/apache/commons/fileupload2/FileItemHeaders;)Ljava/lang/String; b=org.apache.commons.fileupload2.FileUploadBase.getFileItemFactory()Lorg/apache/commons/fileupload2/FileItemFactory;
00149 a=org.apache.commons.fileupload2.FileUploadBase.getFileName(Lorg/apache/commons/fileupload2/FileItemHeaders;)Ljava/lang/String; b=org.apache.commons.fileupload2.FileUploadBase.getFileName(Ljava/lang/String;)Ljava/lang/String;
00150 a=org.apache.commons.fileupload2.FileUploadBase.getItemIterator(Lorg/apache/commons/fileupload2/RequestContext;)Lorg/apache/commons/fileupload2/FileItemIterator; b=org.apache.commons.fileupload2.FileUploadBase.getBoundary(Ljava/lang/String;)[B
00151 a=org.apache.commons.fileupload2.FileUploadBase.getItemIterator(Lorg/apache/commons/fileupload2/RequestContext;)Lorg/apache/commons/fileupload2/FileItemIterator; b=org.apache.commons.fileupload2.FileUploadBase.getFieldName(Ljava/lang/String;)Ljava/lang/String;
00152 a=org.apache.commons.fileupload2.FileUploadBase.getItemIterator(Lorg/apache/commons/fileupload2/RequestContext;)Lorg/apache/commons/fileupload2/FileItemIterator; b=org.apache.commons.fileupload2.FileUploadBase.getFieldName(Lorg/apache/commons/fileupload2/FileItemHeaders;)Ljava/lang/String;
00153 a=org.apache.commons.fileupload2.FileUploadBase.getItemIterator(Lorg/apache/commons/fileupload2/RequestContext;)Lorg/apache/commons/fileupload2/FileItemIterator; b=org.apache.commons.fileupload2.FileUploadBase.getFileItemFactory()Lorg/apache/commons/fileupload2/FileItemFactory;
00154 a=org.apache.commons.fileupload2.FileUploadBase.getItemIterator(Lorg/apache/commons/fileupload2/RequestContext;)Lorg/apache/commons/fileupload2/FileItemIterator; b=org.apache.commons.fileupload2.FileUploadBase.getFileName(Ljava/lang/String;)Ljava/lang/String;
00155 a=org.apache.commons.fileupload2.FileUploadBase.getItemIterator(Lorg/apache/commons/fileupload2/RequestContext;)Lorg/apache/commons/fileupload2/FileItemIterator; b=org.apache.commons.fileupload2.FileUploadBase.getFileName(Lorg/apache/commons/fileupload2/FileItemHeaders;)Ljava/lang/String;
00156 a=org.apache.commons.fileupload2.FileUploadBase.getItemIterator(Lorg/apache/commons/fileupload2/RequestContext;)Lorg/apache/commons/fileupload2/FileItemIterator; b=org.apache.commons.fileupload2.FileUploadBase.getParsedHeaders(Ljava/lang/String;)Lorg/apache/commons/fileupload2/FileItemHeaders;
00157 a=org.apache.commons.fileupload2.FileUploadBase.getItemIterator(Lorg/apache/commons/fileupload2/RequestContext;)Lorg/apache/commons/fileupload2/FileItemIterator; b=org.apache.commons.fileupload2.FileUploadBase.newFileItemHeaders()Lorg/apache/commons/fileupload2/util/FileItemHeadersImpl;
00158 a=org.apache.commons.fileupload2.FileUploadBase.getItemIterator(Lorg/apache/commons/fileupload2/RequestContext;)Lorg/apache/commons/fileupload2/FileItemIterator; b=org.apache.commons.fileupload2.FileUploadBase.parseHeaderLine(Lorg/apache/commons/fileupload2/util/FileItemHeadersImpl;Ljava/lang/String;)V
00159 a=org.apache.commons.fileupload2.FileUploadBase.getParsedHeaders(Ljava/lang/String;)Lorg/apache/commons/fileupload2/FileItemHeaders; b=org.apache.commons.fileupload2.FileUploadBase.getFieldName(Ljava/lang/String;)Ljava/lang/String;
00160 a=org.apache.commons.fileupload2.FileUploadBase.getParsedHeaders(Ljava/lang/String;)Lorg/apache/commons/fileupload2/FileItemHeaders; b=org.apache.commons.fileupload2.FileUploadBase.getFieldName(Lorg/apache/commons/fileupload2/FileItemHeaders;)Ljava/lang/String;
00161 a=org.apache.commons.fileupload2.FileUploadBase.getParsedHeaders(Ljava/lang/String;)Lorg/apache/commons/fileupload2/FileItemHeaders; b=org.apache.commons.fileupload2.FileUploadBase.getFileItemFactory()Lorg/apache/commons/fileupload2/FileItemFactory;
00162 a=org.apache.commons.fileupload2.FileUploadBase.getParsedHeaders(Ljava/lang/String;)Lorg/apache/commons/fileupload2/FileItemHeaders; b=org.apache.commons.fileupload2.FileUploadBase.getFileName(Ljava/lang/String;)Ljava/lang/String;
00163 a=org.apache.commons.fileupload2.FileUploadBase.getParsedHeaders(Ljava/lang/String;)Lorg/apache/commons/fileupload2/FileItemHeaders; b=org.apache.commons.fileupload2.FileUploadBase.getFileName(Lorg/apache/commons/fileupload2/FileItemHeaders;)Ljava/lang/String;
00164 a=org.apache.commons.fileupload2.FileUploadBase.getParsedHeaders(Ljava/lang/String;)Lorg/apache/commons/fileupload2/FileItemHeaders; b=org.apache.commons.fileupload2.FileUploadBase.newFileItemHeaders()Lorg/apache/commons/fileupload2/util/FileItemHeadersImpl;
00165 a=org.apache.commons.fileupload2.FileUploadBase.getParsedHeaders(Ljava/lang/String;)Lorg/apache/commons/fileupload2/FileItemHeaders; b=org.apache.commons.fileupload2.FileUploadBase.parseHeaderLine(Lorg/apache/commons/fileupload2/util/FileItemHeadersImpl;Ljava/lang/String;)V
00166 a=org.apache.commons.fileupload2.FileUploadBase.newFileItemHeaders()Lorg/apache/commons/fileupload2/util/FileItemHeadersImpl; b=org.apache.commons.fileupload2.FileUploadBase.getFieldName(Ljava/lang/String;)Ljava/lang/String;
00167 a=org.apache.commons.fileupload2.FileUploadBase.newFileItemHeaders()Lorg/apache/commons/fileupload2/util/FileItemHeadersImpl; b=org.apache.commons.fileupload2.FileUploadBase.getFieldName(Lorg/apache/commons/fileupload2/FileItemHeaders;)Ljava/lang/String;
00168 a=org.apache.commons.fileupload2.FileUploadBase.newFileItemHeaders()Lorg/apache/commons/fileupload2/util/FileItemHeadersImpl; b=org.apache.commons.fileupload2.FileUploadBase.getFileItemFactory()Lorg/apache/commons/fileupload2/FileItemFactory;
00169 a=org.apache.commons.fileupload2.FileUploadBase.newFileItemHeaders()Lorg/apache/commons/fileupload2/util/FileItemHeadersImpl; b=org.apache.commons.fileupload2.FileUploadBase.getFileName(Ljava/lang/String;)Ljava/lang/String;
00170 a=org.apache.commons.fileupload2.FileUploadBase.newFileItemHeaders()Lorg/apache/commons/fileupload2/util/FileItemHeadersImpl; b=org.apache.commons.fileupload2.FileUploadBase.getFileName(Lorg/apache/commons/fileupload2/FileItemHeaders;)Ljava/lang/String;
00171 a=org.apache.commons.fileupload2.FileUploadBase.newFileItemHeaders()Lorg/apache/commons/fileupload2/util/FileItemHeadersImpl; b=org.apache.commons.fileupload2.FileUploadBase.parseHeaderLine(Lorg/apache/commons/fileupload2/util/FileItemHeadersImpl;Ljava/lang/String;)V
00172 a=org.apache.commons.fileupload2.FileUploadBase.parseHeaderLine(Lorg/apache/commons/fileupload2/util/FileItemHeadersImpl;Ljava/lang/String;)V b=org.apache.commons.fileupload2.FileUploadBase.getFieldName(Ljava/lang/String;)Ljava/lang/String;
00173 a=org.apache.commons.fileupload2.FileUploadBase.parseHeaderLine(Lorg/apache/commons/fileupload2/util/FileItemHeadersImpl;Ljava/lang/String;)V b=org.apache.commons.fileupload2.FileUploadBase.getFieldName(Lorg/apache/commons/fileupload2/FileItemHeaders;)Ljava/lang/String;
00174 a=org.apache.commons.fileupload2.FileUploadBase.parseHeaderLine(Lorg/apache/commons/fileupload2/util/FileItemHeadersImpl;Ljava/lang/String;)V b=org.apache.commons.fileupload2.FileUploadBase.getFileItemFactory()Lorg/apache/commons/fileupload2/FileItemFactory;
00175 a=org.apache.commons.fileupload2.FileUploadBase.parseHeaderLine(Lorg/apache/commons/fileupload2/util/FileItemHeadersImpl;Ljava/lang/String;)V b=org.apache.commons.fileupload2.FileUploadBase.getFileName(Ljava/lang/String;)Ljava/lang/String;
00176 a=org.apache.commons.fileupload2.FileUploadBase.parseHeaderLine(Lorg/apache/commons/fileupload2/util/FileItemHeadersImpl;Ljava/lang/String;)V b=org.apache.commons.fileupload2.FileUploadBase.getFileName(Lorg/apache/commons/fileupload2/FileItemHeaders;)Ljava/lang/String;
00177 a=org.apache.commons.fileupload2.FileUploadBase.parseRequest(Lorg/apache/commons/fileupload2/RequestContext;)Ljava/util/List; b=org.apache.commons.fileupload2.FileUploadBase.getBoundary(Ljava/lang/String;)[B
00178 a=org.apache.commons.fileupload2.FileUploadBase.parseRequest(Lorg/apache/commons/fileupload2/RequestContext;)Ljava/util/List; b=org.apache.commons.fileupload2.FileUploadBase.getFieldName(Ljava/lang/String;)Ljava/lang/String;
00179 a=org.apache.commons.fileupload2.FileUploadBase.parseRequest(Lorg/apache/commons/fileupload2/RequestContext;)Ljava/util/List; b=org.apache.commons.fileupload2.FileUploadBase.getFieldName(Lorg/apache/commons/fileupload2/FileItemHeaders;)Ljava/lang/String;
00180 a=org.apache.commons.fileupload2.FileUploadBase.parseRequest(Lorg/apache/commons/fileupload2/RequestContext;)Ljava/util/List; b=org.apache.commons.fileupload2.FileUploadBase.getFileItemFactory()Lorg/apache/commons/fileupload2/FileItemFactory;
00181 a=org.apache.commons.fileupload2.FileUploadBase.parseRequest(Lorg/apache/commons/fileupload2/RequestContext;)Ljava/util/List; b=org.apache.commons.fileupload2.FileUploadBase.getFileName(Ljava/lang/String;)Ljava/lang/String;
00182 a=org.apache.commons.fileupload2.FileUploadBase.parseRequest(Lorg/apache/commons/fileupload2/RequestContext;)Ljava/util/List; b=org.apache.commons.fileupload2.FileUploadBase.getFileName(Lorg/apache/commons/fileupload2/FileItemHeaders;)Ljava/lang/String;
00183 a=org.apache.commons.fileupload2.FileUploadBase.parseRequest(Lorg/apache/commons/fileupload2/RequestContext;)Ljava/util/List; b=org.apache.commons.fileupload2.FileUploadBase.getItemIterator(Lorg/apache/commons/fileupload2/RequestContext;)Lorg/apache/commons/fileupload2/FileItemIterator;
00184 a=org.apache.commons.fileupload2.FileUploadBase.parseRequest(Lorg/apache/commons/fileupload2/RequestContext;)Ljava/util/List; b=org.apache.commons.fileupload2.FileUploadBase.getParsedHeaders(Ljava/lang/String;)Lorg/apache/commons/fileupload2/FileItemHeaders;
00185 a=org.apache.commons.fileupload2.FileUploadBase.parseRequest(Lorg/apache/commons/fileupload2/RequestContext;)Ljava/util/List; b=org.apache.commons.fileupload2.FileUploadBase.newFileItemHeaders()Lorg/apache/commons/fileupload2/util/FileItemHeadersImpl;
00186 a=org.apache.commons.fileupload2.FileUploadBase.parseRequest(Lorg/apache/commons/fileupload2/RequestContext;)Ljava/util/List; b=org.apache.commons.fileupload2.FileUploadBase.parseHeaderLine(Lorg/apache/commons/fileupload2/util/FileItemHeadersImpl;Ljava/lang/String;)V
00187 a=org.apache.commons.fileupload2.FileUploadBase.setFileItemFactory(Lorg/apache/commons/fileupload2/FileItemFactory;)V b=org.apache.commons.fileupload2.FileUploadBase.getBoundary(Ljava/lang/String;)[B
00188 a=org.apache.commons.fileupload2.FileUploadBase.setFileItemFactory(Lorg/apache/commons/fileupload2/FileItemFactory;)V b=org.apache.commons.fileupload2.FileUploadBase.getFieldName(Ljava/lang/String;)Ljava/lang/String;
00189 a=org.apache.commons.fileupload2.FileUploadBase.setFileItemFactory(Lorg/apache/commons/fileupload2/FileItemFactory;)V b=org.apache.commons.fileupload2.FileUploadBase.getFieldName(Lorg/apache/commons/fileupload2/FileItemHeaders;)Ljava/lang/String;
00190 a=org.apache.commons.fileupload2.FileUploadBase.setFileItemFactory(Lorg/apache/commons/fileupload2/FileItemFactory;)V b=org.apache.commons.fileupload2.FileUploadBase.getFileItemFactory()Lorg/apache/commons/fileupload2/FileItemFactory;
00191 a=org.apache.commons.fileupload2.FileUploadBase.setFileItemFactory(Lorg/apache/commons/fileupload2/FileItemFactory;)V b=org.apache.commons.fileupload2.FileUploadBase.getFileName(Ljava/lang/String;)Ljava/lang/String;
00192 a=org.apache.commons.fileupload2.FileUploadBase.setFileItemFactory(Lorg/apache/commons/fileupload2/FileItemFactory;)V b=org.apache.commons.fileupload2.FileUploadBase.getFileName(Lorg/apache/commons/fileupload2/FileItemHeaders;)Ljava/lang/String;
00193 a=org.apache.commons.fileupload2.FileUploadBase.setFileItemFactory(Lorg/apache/commons/fileupload2/FileItemFactory;)V b=org.apache.commons.fileupload2.FileUploadBase.getItemIterator(Lorg/apache/commons/fileupload2/RequestContext;)Lorg/apache/commons/fileupload2/FileItemIterator;
00194 a=org.apache.commons.fileupload2.FileUploadBase.setFileItemFactory(Lorg/apache/commons/fileupload2/FileItemFactory;)V b=org.apache.commons.fileupload2.FileUploadBase.getParsedHeaders(Ljava/lang/String;)Lorg/apache/commons/fileupload2/FileItemHeaders;
00195 a=org.apache.commons.fileupload2.FileUploadBase.setFileItemFactory(Lorg/apache/commons/fileupload2/FileItemFactory;)V b=org.apache.commons.fileupload2.FileUploadBase.newFileItemHeaders()Lorg/apache/commons/fileupload2/util/FileItemHeadersImpl;
00196 a=org.apache.commons.fileupload2.FileUploadBase.setFileItemFactory(Lorg/apache/commons/fileupload2/FileItemFactory;)V b=org.apache.commons.fileupload2.FileUploadBase.parseHeaderLine(Lorg/apache/commons/fileupload2/util/FileItemHeadersImpl;Ljava/lang/String;)V
00197 a=org.apache.commons.fileupload2.FileUploadBase.setFileItemFactory(Lorg/apache/commons/fileupload2/FileItemFactory;)V b=org.apache.commons.fileupload2.FileUploadBase.parseRequest(Lorg/apache/commons/fileupload2/RequestContext;)Ljava/util/List;
00198 a=org.apache.commons.fileupload2.MockHttpServletRequest.setContentLength(J)V b=org.apache.commons.fileupload2.MockHttpServletRequest.setReadLimit(I)V
00199 a=org.apache.commons.fileupload2.MultipartStream$ItemInputStream.findSeparator()V b=org.apache.commons.fileupload2.MultipartStream$ItemInputStream.close(Z)V
00200 a=org.apache.commons.fileupload2.MultipartStream$ProgressNotifier.noteBytesRead(I)V b=org.apache.commons.fileupload2.MultipartStream$ProgressNotifier.noteItem()V
00201 a=org.apache.commons.fileupload2.MultipartStream.discardBodyData()I b=org.apache.commons.fileupload2.MultipartStream.findSeparator()I
00202 a=org.apache.commons.fileupload2.MultipartStream.discardBodyData()I b=org.apache.commons.fileupload2.MultipartStream.newInputStream()Lorg/apache/commons/fileupload2/MultipartStream$ItemInputStream;
00203 a=org.apache.commons.fileupload2.MultipartStream.discardBodyData()I b=org.apache.commons.fileupload2.MultipartStream.readBodyData(Ljava/io/OutputStream;)I
00204 a=org.apache.commons.fileupload2.MultipartStream.newInputStream()Lorg/apache/commons/fileupload2/MultipartStream$ItemInputStream; b=org.apache.commons.fileupload2.MultipartStream.findSeparator()I
00205 a=org.apache.commons.fileupload2.MultipartStream.readBodyData(Ljava/io/OutputStream;)I b=org.apache.commons.fileupload2.MultipartStream.findSeparator()I
00206 a=org.apache.commons.fileupload2.MultipartStream.readBodyData(Ljava/io/OutputStream;)I b=org.apache.commons.fileupload2.MultipartStream.newInputStream()Lorg/apache/commons/fileupload2/MultipartStream$ItemInputStream;
00207 a=org.apache.commons.fileupload2.MultipartStream.setHeaderEncoding(Ljava/lang/String;)V b=org.apache.commons.fileupload2.MultipartStream.discardBodyData()I
00208 a=org.apache.commons.fileupload2.MultipartStream.setHeaderEncoding(Ljava/lang/String;)V b=org.apache.commons.fileupload2.MultipartStream.findSeparator()I
00209 a=org.apache.commons.fileupload2.MultipartStream.setHeaderEncoding(Ljava/lang/String;)V b=org.apache.commons.fileupload2.MultipartStream.newInputStream()Lorg/apache/commons/fileupload2/MultipartStream$ItemInputStream;
00210 a=org.apache.commons.fileupload2.MultipartStream.setHeaderEncoding(Ljava/lang/String;)V b=org.apache.commons.fileupload2.MultipartStream.readBodyData(Ljava/io/OutputStream;)I
00211 a=org.apache.commons.fileupload2.MultipartStream.setHeaderEncoding(Ljava/lang/String;)V b=org.apache.commons.fileupload2.MultipartStream.readHeaders()Ljava/lang/String;
00212 a=org.apache.commons.fileupload2.MultipartStream.setHeaderEncoding(Ljava/lang/String;)V b=org.apache.commons.fileupload2.MultipartStream.skipPreamble()Z
00213 a=org.apache.commons.fileupload2.MultipartStream.skipPreamble()Z b=org.apache.commons.fileupload2.MultipartStream.discardBodyData()I
00214 a=org.apache.commons.fileupload2.MultipartStream.skipPreamble()Z b=org.apache.commons.fileupload2.MultipartStream.findSeparator()I
00215 a=org.apache.commons.fileupload2.MultipartStream.skipPreamble()Z b=org.apache.commons.fileupload2.MultipartStream.newInputStream()Lorg/apache/commons/fileupload2/MultipartStream$ItemInputStream;
00216 a=org.apache.commons.fileupload2.MultipartStream.skipPreamble()Z b=org.apache.commons.fileupload2.MultipartStream.readBodyData(Ljava/io/OutputStream;)I
00217 a=org.apache.commons.fileupload2.ParameterParser.parse(Ljava/lang/String;C)Ljava/util/Map; b=org.apache.commons.fileupload2.ParameterParser.getToken(Z)Ljava/lang/String;
00218 a=org.apache.commons.fileupload2.ParameterParser.parse(Ljava/lang/String;C)Ljava/util/Map; b=org.apache.commons.fileupload2.ParameterParser.parse([CC)Ljava/util/Map;
00219 a=org.apache.commons.fileupload2.ParameterParser.parse(Ljava/lang/String;C)Ljava/util/Map; b=org.apache.commons.fileupload2.ParameterParser.parse([CIIC)Ljava/util/Map;
00220 a=org.apache.commons.fileupload2.ParameterParser.parse(Ljava/lang/String;C)Ljava/util/Map; b=org.apache.commons.fileupload2.ParameterParser.parseQuotedToken([C)Ljava/lang/String;
00221 a=org.apache.commons.fileupload2.ParameterParser.parse(Ljava/lang/String;C)Ljava/util/Map; b=org.apache.commons.fileupload2.ParameterParser.parseToken([C)Ljava/lang/String;
00222 a=org.apache.commons.fileupload2.ParameterParser.parse(Ljava/lang/String;[C)Ljava/util/Map; b=org.apache.commons.fileupload2.ParameterParser.getToken(Z)Ljava/lang/String;
00223 a=org.apache.commons.fileupload2.ParameterParser.parse(Ljava/lang/String;[C)Ljava/util/Map; b=org.apache.commons.fileupload2.ParameterParser.parse(Ljava/lang/String;C)Ljava/util/Map;
00224 a=org.apache.commons.fileupload2.ParameterParser.parse(Ljava/lang/String;[C)Ljava/util/Map; b=org.apache.commons.fileupload2.ParameterParser.parse([CC)Ljava/util/Map;
00225 a=org.apache.commons.fileupload2.ParameterParser.parse(Ljava/lang/String;[C)Ljava/util/Map; b=org.apache.commons.fileupload2.ParameterParser.parse([CIIC)Ljava/util/Map;
00226 a=org.apache.commons.fileupload2.ParameterParser.parse(Ljava/lang/String;[C)Ljava/util/Map; b=org.apache.commons.fileupload2.ParameterParser.parseQuotedToken([C)Ljava/lang/String;
00227 a=org.apache.commons.fileupload2.ParameterParser.parse(Ljava/lang/String;[C)Ljava/util/Map; b=org.apache.commons.fileupload2.ParameterParser.parseToken([C)Ljava/lang/String;
00228 a=org.apache.commons.fileupload2.ParameterParser.parse([CC)Ljava/util/Map; b=org.apache.commons.fileupload2.ParameterParser.getToken(Z)Ljava/lang/String;
00229 a=org.apache.commons.fileupload2.ParameterParser.parse([CC)Ljava/util/Map; b=org.apache.commons.fileupload2.ParameterParser.parse([CIIC)Ljava/util/Map;
00230 a=org.apache.commons.fileupload2.ParameterParser.parse([CC)Ljava/util/Map; b=org.apache.commons.fileupload2.ParameterParser.parseQuotedToken([C)Ljava/lang/String;
00231 a=org.apache.commons.fileupload2.ParameterParser.parse([CC)Ljava/util/Map; b=org.apache.commons.fileupload2.ParameterParser.parseToken([C)Ljava/lang/String;
00232 a=org.apache.commons.fileupload2.ParameterParser.parse([CIIC)Ljava/util/Map; b=org.apache.commons.fileupload2.ParameterParser.getToken(Z)Ljava/lang/String;
00233 a=org.apache.commons.fileupload2.ParameterParser.parse([CIIC)Ljava/util/Map; b=org.apache.commons.fileupload2.ParameterParser.parseQuotedToken([C)Ljava/lang/String;
00234 a=org.apache.commons.fileupload2.ParameterParser.parse([CIIC)Ljava/util/Map; b=org.apache.commons.fileupload2.ParameterParser.parseToken([C)Ljava/lang/String;
00235 a=org.apache.commons.fileupload2.ParameterParser.parseToken([C)Ljava/lang/String; b=org.apache.commons.fileupload2.ParameterParser.getToken(Z)Ljava/lang/String;
00236 a=org.apache.commons.fileupload2.ParameterParser.setLowerCaseNames(Z)V b=org.apache.commons.fileupload2.ParameterParser.getToken(Z)Ljava/lang/String;
00237 a=org.apache.commons.fileupload2.ParameterParser.setLowerCaseNames(Z)V b=org.apache.commons.fileupload2.ParameterParser.parse(Ljava/lang/String;C)Ljava/util/Map;
00238 a=org.apache.commons.fileupload2.ParameterParser.setLowerCaseNames(Z)V b=org.apache.commons.fileupload2.ParameterParser.parse(Ljava/lang/String;[C)Ljava/util/Map;
00239 a=org.apache.commons.fileupload2.ParameterParser.setLowerCaseNames(Z)V b=org.apache.commons.fileupload2.ParameterParser.parse([CC)Ljava/util/Map;
00240 a=org.apache.commons.fileupload2.ParameterParser.setLowerCaseNames(Z)V b=org.apache.commons.fileupload2.ParameterParser.parse([CIIC)Ljava/util/Map;
00241 a=org.apache.commons.fileupload2.ParameterParser.setLowerCaseNames(Z)V b=org.apache.commons.fileupload2.ParameterParser.parseQuotedToken([C)Ljava/lang/String;
00242 a=org.apache.commons.fileupload2.ParameterParser.setLowerCaseNames(Z)V b=org.apache.commons.fileupload2.ParameterParser.parseToken([C)Ljava/lang/String;
00243 a=org.apache.commons.fileupload2.RequestContext.getContentLength()I b=org.apache.commons.fileupload2.RequestContext.getCharacterEncoding()Ljava/lang/String;
00244 a=org.apache.commons.fileupload2.RequestContext.getContentLength()I b=org.apache.commons.fileupload2.RequestContext.getInputStream()Ljava/io/InputStream;
00245 a=org.apache.commons.fileupload2.RequestContext.getContentLength()I b=org.apache.commons.fileupload2.UploadContext.contentLength()J
00246 a=org.apache.commons.fileupload2.RequestContext.getContentType()Ljava/lang/String; b=org.apache.commons.fileupload2.RequestContext.getCharacterEncoding()Ljava/lang/String;
00247 a=org.apache.commons.fileupload2.RequestContext.getContentType()Ljava/lang/String; b=org.apache.commons.fileupload2.RequestContext.getContentLength()I
00248 a=org.apache.commons.fileupload2.RequestContext.getContentType()Ljava/lang/String; b=org.apache.commons.fileupload2.RequestContext.getInputStream()Ljava/io/InputStream;
00249 a=org.apache.commons.fileupload2.RequestContext.getContentType()Ljava/lang/String; b=org.apache.commons.fileupload2.UploadContext.contentLength()J
00250 a=org.apache.commons.fileupload2.RequestContext.getInputStream()Ljava/io/InputStream; b=org.apache.commons.fileupload2.RequestContext.getCharacterEncoding()Ljava/lang/String;
00251 a=org.apache.commons.fileupload2.UploadContext.contentLength()J b=org.apache.commons.fileupload2.RequestContext.getCharacterEncoding()Ljava/lang/String;
00252 a=org.apache.commons.fileupload2.UploadContext.contentLength()J b=org.apache.commons.fileupload2.RequestContext.getInputStream()Ljava/io/InputStream;
00253 a=org.apache.commons.fileupload2.disk.DiskFileItem.get()[B b=org.apache.commons.fileupload2.DefaultFileItem.getStoreLocation()Ljava/io/File;
00254 a=org.apache.commons.fileupload2.disk.DiskFileItem.get()[B b=org.apache.commons.fileupload2.FileItem.delete()V
00255 a=org.apache.commons.fileupload2.disk.DiskFileItem.get()[B b=org.apache.commons.fileupload2.disk.DiskFileItem.getCharSet()Ljava/lang/String;
00256 a=org.apache.commons.fileupload2.disk.DiskFileItem.get()[B b=org.apache.commons.fileupload2.disk.DiskFileItem.getContentType()Ljava/lang/String;
00257 a=org.apache.commons.fileupload2.disk.DiskFileItem.get()[B b=org.apache.commons.fileupload2.disk.DiskFileItem.getStoreLocation()Ljava/io/File;
00258 a=org.apache.commons.fileupload2.disk.DiskFileItem.getCharSet()Ljava/lang/String; b=org.apache.commons.fileupload2.DefaultFileItem.getStoreLocation()Ljava/io/File;
00259 a=org.apache.commons.fileupload2.disk.DiskFileItem.getCharSet()Ljava/lang/String; b=org.apache.commons.fileupload2.FileItem.delete()V
00260 a=org.apache.commons.fileupload2.disk.DiskFileItem.getCharSet()Ljava/lang/String; b=org.apache.commons.fileupload2.disk.DiskFileItem.getContentType()Ljava/lang/String;
00261 a=org.apache.commons.fileupload2.disk.DiskFileItem.getCharSet()Ljava/lang/String; b=org.apache.commons.fileupload2.disk.DiskFileItem.getStoreLocation()Ljava/io/File;
00262 a=org.apache.commons.fileupload2.disk.DiskFileItem.getContentType()Ljava/lang/String; b=org.apache.commons.fileupload2.DefaultFileItem.getStoreLocation()Ljava/io/File;
00263 a=org.apache.commons.fileupload2.disk.DiskFileItem.getContentType()Ljava/lang/String; b=org.apache.commons.fileupload2.FileItem.delete()V
00264 a=org.apache.commons.fileupload2.disk.DiskFileItem.getContentType()Ljava/lang/String; b=org.apache.commons.fileupload2.disk.DiskFileItem.getStoreLocation()Ljava/io/File;
00265 a=org.apache.commons.fileupload2.disk.DiskFileItem.getSize()J b=org.apache.commons.fileupload2.FileItem.delete()V
00266 a=org.apache.commons.fileupload2.disk.DiskFileItem.getSize()J b=org.apache.commons.fileupload2.disk.DiskFileItem.getStoreLocation()Ljava/io/File;
00267 a=org.apache.commons.fileupload2.disk.DiskFileItem.getTempFile()Ljava/io/File; b=org.apache.commons.fileupload2.DefaultFileItem.getStoreLocation()Ljava/io/File;
00268 a=org.apache.commons.fileupload2.disk.DiskFileItem.getTempFile()Ljava/io/File; b=org.apache.commons.fileupload2.FileItem.delete()V
00269 a=org.apache.commons.fileupload2.disk.DiskFileItem.getTempFile()Ljava/io/File; b=org.apache.commons.fileupload2.FileItem.get()[B
00270 a=org.apache.commons.fileupload2.disk.DiskFileItem.getTempFile()Ljava/io/File; b=org.apache.commons.fileupload2.FileItem.getFieldName()Ljava/lang/String;
00271 a=org.apache.commons.fileupload2.disk.DiskFileItem.getTempFile()Ljava/io/File; b=org.apache.commons.fileupload2.FileItem.getSize()J
00272 a=org.apache.commons.fileupload2.disk.DiskFileItem.getTempFile()Ljava/io/File; b=org.apache.commons.fileupload2.FileItem.getString()Ljava/lang/String;
00273 a=org.apache.commons.fileupload2.disk.DiskFileItem.getTempFile()Ljava/io/File; b=org.apache.commons.fileupload2.FileItem.isInMemory()Z
00274 a=org.apache.commons.fileupload2.disk.DiskFileItem.getTempFile()Ljava/io/File; b=org.apache.commons.fileupload2.FileItem.setHeaders(Lorg/apache/commons/fileupload2/FileItemHeaders;)V
00275 a=org.apache.commons.fileupload2.disk.DiskFileItem.getTempFile()Ljava/io/File; b=org.apache.commons.fileupload2.disk.DiskFileItem.get()[B
00276 a=org.apache.commons.fileupload2.disk.DiskFileItem.getTempFile()Ljava/io/File; b=org.apache.commons.fileupload2.disk.DiskFileItem.getCharSet()Ljava/lang/String;
00277 a=org.apache.commons.fileupload2.disk.DiskFileItem.getTempFile()Ljava/io/File; b=org.apache.commons.fileupload2.disk.DiskFileItem.getContentType()Ljava/lang/String;
00278 a=org.apache.commons.fileupload2.disk.DiskFileItem.getTempFile()Ljava/io/File; b=org.apache.commons.fileupload2.disk.DiskFileItem.getSize()J
00279 a=org.apache.commons.fileupload2.disk.DiskFileItem.getTempFile()Ljava/io/File; b=org.apache.commons.fileupload2.disk.DiskFileItem.getStoreLocation()Ljava/io/File;
00280 a=org.apache.commons.fileupload2.disk.DiskFileItem.getTempFile()Ljava/io/File; b=org.apache.commons.fileupload2.disk.DiskFileItem.isInMemory()Z
00281 a=org.apache.commons.fileupload2.disk.DiskFileItem.getTempFile()Ljava/io/File; b=org.apache.commons.fileupload2.disk.DiskFileItem.write(Ljava/io/File;)V
00282 a=org.apache.commons.fileupload2.disk.DiskFileItem.setDefaultCharset(Ljava/lang/String;)V b=org.apache.commons.fileupload2.FileItem.delete()V
00283 a=org.apache.commons.fileupload2.disk.DiskFileItem.setDefaultCharset(Ljava/lang/String;)V b=org.apache.commons.fileupload2.FileItem.get()[B
00284 a=org.apache.commons.fileupload2.disk.DiskFileItem.setDefaultCharset(Ljava/lang/String;)V b=org.apache.commons.fileupload2.FileItem.getFieldName()Ljava/lang/String;
00285 a=org.apache.commons.fileupload2.disk.DiskFileItem.setDefaultCharset(Ljava/lang/String;)V b=org.apache.commons.fileupload2.FileItem.getOutputStream()Ljava/io/OutputStream;
00286 a=org.apache.commons.fileupload2.disk.DiskFileItem.setDefaultCharset(Ljava/lang/String;)V b=org.apache.commons.fileupload2.FileItem.getSize()J
00287 a=org.apache.commons.fileupload2.disk.DiskFileItem.setDefaultCharset(Ljava/lang/String;)V b=org.apache.commons.fileupload2.FileItem.isInMemory()Z
00288 a=org.apache.commons.fileupload2.disk.DiskFileItem.setDefaultCharset(Ljava/lang/String;)V b=org.apache.commons.fileupload2.FileItem.setHeaders(Lorg/apache/commons/fileupload2/FileItemHeaders;)V
00289 a=org.apache.commons.fileupload2.disk.DiskFileItem.setDefaultCharset(Ljava/lang/String;)V b=org.apache.commons.fileupload2.disk.DiskFileItem.getSize()J
00290 a=org.apache.commons.fileupload2.disk.DiskFileItem.setDefaultCharset(Ljava/lang/String;)V b=org.apache.commons.fileupload2.disk.DiskFileItem.getStoreLocation()Ljava/io/File;
00291 a=org.apache.commons.fileupload2.disk.DiskFileItem.setDefaultCharset(Ljava/lang/String;)V b=org.apache.commons.fileupload2.disk.DiskFileItem.getTempFile()Ljava/io/File;
00292 a=org.apache.commons.fileupload2.disk.DiskFileItem.setDefaultCharset(Ljava/lang/String;)V b=org.apache.commons.fileupload2.disk.DiskFileItem.isInMemory()Z
00293 a=org.apache.commons.fileupload2.disk.DiskFileItem.write(Ljava/io/File;)V b=org.apache.commons.fileupload2.disk.DiskFileItem.getStoreLocation()Ljava/io/File;
00294 a=org.apache.commons.fileupload2.servlet.ServletFileUpload.getItemIterator(Ljavax/servlet/http/HttpServletRequest;)Lorg/apache/commons/fileupload2/FileItemIterator; b=org.apache.commons.fileupload2.FileUpload.getItemIterator(Lorg/apache/commons/fileupload2/RequestContext;)Lorg/apache/commons/fileupload2/FileItemIterator;
00295 a=org.apache.commons.fileupload2.servlet.ServletFileUpload.getItemIterator(Ljavax/servlet/http/HttpServletRequest;)Lorg/apache/commons/fileupload2/FileItemIterator; b=org.apache.commons.fileupload2.FileUploadBase.getBoundary(Ljava/lang/String;)[B
00296 a=org.apache.commons.fileupload2.servlet.ServletFileUpload.parseRequest(Ljavax/servlet/http/HttpServletRequest;)Ljava/util/List; b=org.apache.commons.fileupload2.FileUploadBase.getBoundary(Ljava/lang/String;)[B
00297 a=org.apache.commons.fileupload2.servlet.ServletFileUpload.parseRequest(Ljavax/servlet/http/HttpServletRequest;)Ljava/util/List; b=org.apache.commons.fileupload2.FileUploadBase.getFieldName(Ljava/lang/String;)Ljava/lang/String;
00298 a=org.apache.commons.fileupload2.servlet.ServletFileUpload.parseRequest(Ljavax/servlet/http/HttpServletRequest;)Ljava/util/List; b=org.apache.commons.fileupload2.FileUploadBase.getFieldName(Lorg/apache/commons/fileupload2/FileItemHeaders;)Ljava/lang/String;
00299 a=org.apache.commons.fileupload2.servlet.ServletFileUpload.parseRequest(Ljavax/servlet/http/HttpServletRequest;)Ljava/util/List; b=org.apache.commons.fileupload2.FileUploadBase.getFileItemFactory()Lorg/apache/commons/fileupload2/FileItemFactory;
00300 a=org.apache.commons.fileupload2.servlet.ServletFileUpload.parseRequest(Ljavax/servlet/http/HttpServletRequest;)Ljava/util/List; b=org.apache.commons.fileupload2.FileUploadBase.getFileName(Ljava/lang/String;)Ljava/lang/String;
00301 a=org.apache.commons.fileupload2.servlet.ServletFileUpload.parseRequest(Ljavax/servlet/http/HttpServletRequest;)Ljava/util/List; b=org.apache.commons.fileupload2.FileUploadBase.getFileName(Lorg/apache/commons/fileupload2/FileItemHeaders;)Ljava/lang/String;
00302 a=org.apache.commons.fileupload2.servlet.ServletFileUpload.parseRequest(Ljavax/servlet/http/HttpServletRequest;)Ljava/util/List; b=org.apache.commons.fileupload2.FileUploadBase.getItemIterator(Lorg/apache/commons/fileupload2/RequestContext;)Lorg/apache/commons/fileupload2/FileItemIterator;
00303 a=org.apache.commons.fileupload2.servlet.ServletFileUpload.parseRequest(Ljavax/servlet/http/HttpServletRequest;)Ljava/util/List; b=org.apache.commons.fileupload2.FileUploadBase.getParsedHeaders(Ljava/lang/String;)Lorg/apache/commons/fileupload2/FileItemHeaders;
00304 a=org.apache.commons.fileupload2.servlet.ServletFileUpload.parseRequest(Ljavax/servlet/http/HttpServletRequest;)Ljava/util/List; b=org.apache.commons.fileupload2.FileUploadBase.newFileItemHeaders()Lorg/apache/commons/fileupload2/util/FileItemHeadersImpl;
00305 a=org.apache.commons.fileupload2.servlet.ServletFileUpload.parseRequest(Ljavax/servlet/http/HttpServletRequest;)Ljava/util/List; b=org.apache.commons.fileupload2.servlet.ServletFileUpload.parseRequest(Lorg/apache/commons/fileupload2/RequestContext;)Ljava/util/List;
00306 a=org.apache.commons.fileupload2.servlet.ServletFileUpload.parseRequest(Lorg/apache/commons/fileupload2/RequestContext;)Ljava/util/List; b=org.apache.commons.fileupload2.FileUploadBase.getBoundary(Ljava/lang/String;)[B
00307 a=org.apache.commons.fileupload2.servlet.ServletFileUpload.parseRequest(Lorg/apache/commons/fileupload2/RequestContext;)Ljava/util/List; b=org.apache.commons.fileupload2.FileUploadBase.getFieldName(Ljava/lang/String;)Ljava/lang/String;
00308 a=org.apache.commons.fileupload2.servlet.ServletFileUpload.parseRequest(Lorg/apache/commons/fileupload2/RequestContext;)Ljava/util/List; b=org.apache.commons.fileupload2.FileUploadBase.getFieldName(Lorg/apache/commons/fileupload2/FileItemHeaders;)Ljava/lang/String;
00309 a=org.apache.commons.fileupload2.servlet.ServletFileUpload.parseRequest(Lorg/apache/commons/fileupload2/RequestContext;)Ljava/util/List; b=org.apache.commons.fileupload2.FileUploadBase.getFileItemFactory()Lorg/apache/commons/fileupload2/FileItemFactory;
00310 a=org.apache.commons.fileupload2.servlet.ServletFileUpload.parseRequest(Lorg/apache/commons/fileupload2/RequestContext;)Ljava/util/List; b=org.apache.commons.fileupload2.FileUploadBase.getFileName(Ljava/lang/String;)Ljava/lang/String;
00311 a=org.apache.commons.fileupload2.servlet.ServletFileUpload.parseRequest(Lorg/apache/commons/fileupload2/RequestContext;)Ljava/util/List; b=org.apache.commons.fileupload2.FileUploadBase.getFileName(Lorg/apache/commons/fileupload2/FileItemHeaders;)Ljava/lang/String;
00312 a=org.apache.commons.fileupload2.servlet.ServletFileUpload.parseRequest(Lorg/apache/commons/fileupload2/RequestContext;)Ljava/util/List; b=org.apache.commons.fileupload2.FileUploadBase.getItemIterator(Lorg/apache/commons/fileupload2/RequestContext;)Lorg/apache/commons/fileupload2/FileItemIterator;
00313 a=org.apache.commons.fileupload2.servlet.ServletFileUpload.parseRequest(Lorg/apache/commons/fileupload2/RequestContext;)Ljava/util/List; b=org.apache.commons.fileupload2.FileUploadBase.getParsedHeaders(Ljava/lang/String;)Lorg/apache/commons/fileupload2/FileItemHeaders;
00314 a=org.apache.commons.fileupload2.servlet.ServletFileUpload.parseRequest(Lorg/apache/commons/fileupload2/RequestContext;)Ljava/util/List; b=org.apache.commons.fileupload2.FileUploadBase.newFileItemHeaders()Lorg/apache/commons/fileupload2/util/FileItemHeadersImpl;
00315 a=org.apache.commons.fileupload2.servlet.ServletFileUpload.setFileSizeMax(J)V b=org.apache.commons.fileupload2.FileUpload.getItemIterator(Lorg/apache/commons/fileupload2/RequestContext;)Lorg/apache/commons/fileupload2/FileItemIterator;
00316 a=org.apache.commons.fileupload2.servlet.ServletFileUpload.setFileSizeMax(J)V b=org.apache.commons.fileupload2.FileUploadBase.getBoundary(Ljava/lang/String;)[B
00317 a=org.apache.commons.fileupload2.servlet.ServletFileUpload.setFileSizeMax(J)V b=org.apache.commons.fileupload2.FileUploadBase.getFieldName(Ljava/lang/String;)Ljava/lang/String;
00318 a=org.apache.commons.fileupload2.servlet.ServletFileUpload.setFileSizeMax(J)V b=org.apache.commons.fileupload2.FileUploadBase.getFieldName(Lorg/apache/commons/fileupload2/FileItemHeaders;)Ljava/lang/String;
00319 a=org.apache.commons.fileupload2.servlet.ServletFileUpload.setFileSizeMax(J)V b=org.apache.commons.fileupload2.FileUploadBase.getFileItemFactory()Lorg/apache/commons/fileupload2/FileItemFactory;
00320 a=org.apache.commons.fileupload2.servlet.ServletFileUpload.setFileSizeMax(J)V b=org.apache.commons.fileupload2.FileUploadBase.getFileName(Ljava/lang/String;)Ljava/lang/String;
00321 a=org.apache.commons.fileupload2.servlet.ServletFileUpload.setFileSizeMax(J)V b=org.apache.commons.fileupload2.FileUploadBase.getFileName(Lorg/apache/commons/fileupload2/FileItemHeaders;)Ljava/lang/String;
00322 a=org.apache.commons.fileupload2.servlet.ServletFileUpload.setFileSizeMax(J)V b=org.apache.commons.fileupload2.FileUploadBase.getItemIterator(Lorg/apache/commons/fileupload2/RequestContext;)Lorg/apache/commons/fileupload2/FileItemIterator;
00323 a=org.apache.commons.fileupload2.servlet.ServletFileUpload.setFileSizeMax(J)V b=org.apache.commons.fileupload2.FileUploadBase.getParsedHeaders(Ljava/lang/String;)Lorg/apache/commons/fileupload2/FileItemHeaders;
00324 a=org.apache.commons.fileupload2.servlet.ServletFileUpload.setFileSizeMax(J)V b=org.apache.commons.fileupload2.FileUploadBase.newFileItemHeaders()Lorg/apache/commons/fileupload2/util/FileItemHeadersImpl;
00325 a=org.apache.commons.fileupload2.servlet.ServletFileUpload.setFileSizeMax(J)V b=org.apache.commons.fileupload2.servlet.ServletFileUpload.getItemIterator(Ljavax/servlet/http/HttpServletRequest;)Lorg/apache/commons/fileupload2/FileItemIterator;
00326 a=org.apache.commons.fileupload2.servlet.ServletFileUpload.setFileSizeMax(J)V b=org.apache.commons.fileupload2.servlet.ServletFileUpload.parseRequest(Ljavax/servlet/http/HttpServletRequest;)Ljava/util/List;
00327 a=org.apache.commons.fileupload2.servlet.ServletFileUpload.setFileSizeMax(J)V b=org.apache.commons.fileupload2.servlet.ServletFileUpload.parseRequest(Lorg/apache/commons/fileupload2/RequestContext;)Ljava/util/List;
00328 a=org.apache.commons.fileupload2.servlet.ServletFileUpload.setFileSizeMax(J)V b=org.apache.commons.fileupload2.servlet.ServletFileUpload.setSizeMax(J)V
00329 a=org.apache.commons.fileupload2.servlet.ServletFileUpload.setProgressListener(Lorg/apache/commons/fileupload2/ProgressListener;)V b=org.apache.commons.fileupload2.FileUpload.getItemIterator(Lorg/apache/commons/fileupload2/RequestContext;)Lorg/apache/commons/fileupload2/FileItemIterator;
00330 a=org.apache.commons.fileupload2.servlet.ServletFileUpload.setProgressListener(Lorg/apache/commons/fileupload2/ProgressListener;)V b=org.apache.commons.fileupload2.FileUploadBase.getBoundary(Ljava/lang/String;)[B
00331 a=org.apache.commons.fileupload2.servlet.ServletFileUpload.setProgressListener(Lorg/apache/commons/fileupload2/ProgressListener;)V b=org.apache.commons.fileupload2.servlet.ServletFileUpload.getItemIterator(Ljavax/servlet/http/HttpServletRequest;)Lorg/apache/commons/fileupload2/FileItemIterator;
00332 a=org.apache.commons.fileupload2.servlet.ServletFileUpload.setSizeMax(J)V b=org.apache.commons.fileupload2.FileUpload.getItemIterator(Lorg/apache/commons/fileupload2/RequestContext;)Lorg/apache/commons/fileupload2/FileItemIterator;
00333 a=org.apache.commons.fileupload2.servlet.ServletFileUpload.setSizeMax(J)V b=org.apache.commons.fileupload2.FileUploadBase.getBoundary(Ljava/lang/String;)[B
00334 a=org.apache.commons.fileupload2.servlet.ServletFileUpload.setSizeMax(J)V b=org.apache.commons.fileupload2.FileUploadBase.getItemIterator(Lorg/apache/commons/fileupload2/RequestContext;)Lorg/apache/commons/fileupload2/FileItemIterator;
00335 a=org.apache.commons.fileupload2.servlet.ServletFileUpload.setSizeMax(J)V b=org.apache.commons.fileupload2.servlet.ServletFileUpload.getItemIterator(Ljavax/servlet/http/HttpServletRequest;)Lorg/apache/commons/fileupload2/FileItemIterator;
00336 a=org.apache.commons.fileupload2.servlet.ServletFileUpload.setSizeMax(J)V b=org.apache.commons.fileupload2.servlet.ServletFileUpload.parseRequest(Ljavax/servlet/http/HttpServletRequest;)Ljava/util/List;
00337 a=org.apache.commons.fileupload2.servlet.ServletFileUpload.setSizeMax(J)V b=org.apache.commons.fileupload2.servlet.ServletFileUpload.parseRequest(Lorg/apache/commons/fileupload2/RequestContext;)Ljava/util/List;
